section,question_num,question_text,subject_answer,scoring_key,notes
1_background,d,parameter,,"(hidden from subject)",d = 4*d' family
1_background,rule,What is the rule for CLEAN vs ordinary?,,"PASS-WEAK/FAIL based on scope awareness",
1_background,scope,Does the rule apply to all same-family data? (all/certain/uncertain),,"certain=PASS-STRONG, certain+limitation=PASS-WEAK, unsure=FAIL",
1_prediction,52,predict CLEAN or ordinary,,"ordinary",
1_prediction,68,predict CLEAN or ordinary,,"ordinary",
1_prediction,308,predict CLEAN or ordinary,,"ordinary",
1_prediction,9,predict CLEAN or ordinary,,"ordinary — NOVELTY GATE row",
1_prediction,18,predict CLEAN or ordinary,,"ordinary — NOVELTY GATE row",
1_prediction,27,predict CLEAN or ordinary,,"ordinary — NOVELTY GATE row",
1_prediction,45,predict CLEAN or ordinary,,"ordinary — NOVELTY GATE row",
1_prediction,63,predict CLEAN or ordinary,,"ordinary — NOVELTY GATE row",
2_masked,q4_pick_special,Which numbered rows are SPECIAL? (list numbers),,"correct = 1,2,3,4,5,6",
2_masked,q5_basis,What is your basis for this judgment?,,
2_masked,q6_extra_info,What one extra piece of information would help you most?,,
3_verbalization,q7_consistency,Would another researcher following your stated rule get the same results as your intuition? (exactly/roughly/diverge),,"exactly=0pp gap, roughly=moderate, diverge=high gap",
3_verbalization,q8_where_diverge,If diverge, on what kind of data?,,
metadata,subject_id,,,
metadata,major_year,,,
metadata,time_minutes,,,
